"initial_name","genus","species","scientificName","kingdom","phylum","class","order","family","db","db_code"
"Agkistrodon contortrix","Agkistrodon","contortrix","Agkistrodon contortrix","Animalia","Chordata","Squamata",NA,"Viperidae","gbif","GBIF:9215881"
"Ambystoma barbouri","Ambystoma","barbouri","Ambystoma barbouri","Animalia","Chordata","Amphibia","Caudata","Ambystomatidae","gbif","GBIF:2432017"
"Ambystoma opacum","Ambystoma","opacum","Ambystoma opacum","Animalia","Chordata","Amphibia","Caudata","Ambystomatidae","gbif","GBIF:2432006"
"Ammospiza maritima","Ammospiza","maritima","Ammodramus maritimus","Animalia","Chordata","Aves","Passeriformes","Emberizidae","gbif","GBIF:2491095"
"Amphispiza bilineata","Amphispiza","bilineata","Amphispiza bilineata","Animalia","Chordata","Aves","Passeriformes","Emberizidae","gbif","GBIF:2491757"
"Anaxyrus woodhousii","Anaxyrus","woodhousii","Anaxyrus woodhousii","Animalia","Chordata","Amphibia","Anura","Bufonidae","gbif","GBIF:2422865"
"Arborimus albipes","Arborimus","albipes","Arborimus albipes","Animalia","Chordata","Mammalia","Rodentia","Cricetidae","gbif","GBIF:2437933"
"Arborimus longicaudus","Arborimus","longicaudus","Arborimus longicaudus","Animalia","Chordata","Mammalia","Rodentia","Cricetidae","gbif","GBIF:2437931"
"Artemisiospiza nevadensis","Artemisiospiza","nevadensis","Artemisiospiza nevadensis","Animalia","Chordata","Aves","Passeriformes","Emberizidae","gbif","GBIF:8276794"
"Aspidoscelis sexlineata","Aspidoscelis","sexlineata","Aspidoscelis sexlineatus","Animalia","Chordata","Squamata",NA,"Teiidae","gbif","GBIF:2472425"
"Batrachoseps wrighti","Batrachoseps","wrighti","Batrachoseps wrighti","Animalia","Chordata","Amphibia","Caudata","Plethodontidae","gbif","GBIF:2431771"
"Carphophis amoenus","Carphophis","amoenus","Carphophis amoenus","Animalia","Chordata","Squamata",NA,"Colubridae","gbif","GBIF:2457092"
"Chaetodipus hispidus","Chaetodipus","hispidus","Chaetodipus hispidus","Animalia","Chordata","Mammalia","Rodentia","Heteromyidae","gbif","GBIF:2439583"
"Chamaea fasciata","Chamaea","fasciata","Chamaea fasciata","Animalia","Chordata","Aves","Passeriformes","Sylviidae","gbif","GBIF:2493558"
"Coragyps atratus","Coragyps","atratus","Coragyps atratus","Animalia","Chordata","Aves","Accipitriformes","Cathartidae","gbif","GBIF:2481942"
"Corvus ossifragus","Corvus","ossifragus","Corvus ossifragus","Animalia","Chordata","Aves","Passeriformes","Corvidae","gbif","GBIF:2482481"
"Corynorhinus rafinesquii","Corynorhinus","rafinesquii","Corynorhinus rafinesquii","Animalia","Chordata","Mammalia","Chiroptera","Vespertilionidae","gbif","GBIF:2432491"
"Crotalus horridus","Crotalus","horridus","Crotalus horridus","Animalia","Chordata","Squamata",NA,"Viperidae","gbif","GBIF:2444468"
"Cryptobranchus alleganiensis","Cryptobranchus","alleganiensis","Cryptobranchus alleganiensis","Animalia","Chordata","Amphibia","Caudata","Cryptobranchidae","gbif","GBIF:2432031"
"Desmognathus monticola","Desmognathus","monticola","Desmognathus monticola","Animalia","Chordata","Amphibia","Caudata","Plethodontidae","gbif","GBIF:2431233"
"Elgaria multicarinata","Elgaria","multicarinata","Elgaria multicarinata","Animalia","Chordata","Squamata",NA,"Anguidae","gbif","GBIF:2468262"
"Eurycea cirrigera","Eurycea","cirrigera","Eurycea cirrigera","Animalia","Chordata","Amphibia","Caudata","Plethodontidae","gbif","GBIF:5218366"
"Eurycea longicauda","Eurycea","longicauda","Eurycea longicauda","Animalia","Chordata","Amphibia","Caudata","Plethodontidae","gbif","GBIF:5218348"
"Eurycea lucifuga","Eurycea","lucifuga","Eurycea lucifuga","Animalia","Chordata","Amphibia","Caudata","Plethodontidae","gbif","GBIF:5218351"
"Geothlypis formosa","Geothlypis","formosa","Geothlypis formosa","Animalia","Chordata","Aves","Passeriformes","Parulidae","gbif","GBIF:6093586"
"Gymnorhinus cyanocephalus","Gymnorhinus","cyanocephalus","Gymnorhinus cyanocephalus","Animalia","Chordata","Aves","Passeriformes","Corvidae","gbif","GBIF:5229498"
"Lampropeltis gentilis","Lampropeltis","gentilis","Lampropeltis gentilis","Animalia","Chordata","Squamata",NA,"Colubridae","gbif","GBIF:9498445"
"Lampropeltis calligaster","Lampropeltis","calligaster","Lampropeltis calligaster","Animalia","Chordata","Squamata",NA,"Colubridae","gbif","GBIF:5224464"
"Lampropeltis nigra","Lampropeltis","nigra","Lampropeltis nigra","Animalia","Chordata","Squamata",NA,"Colubridae","gbif","GBIF:7721444"
"Lepus californicus","Lepus","californicus","Lepus californicus","Animalia","Chordata","Mammalia","Lagomorpha","Leporidae","gbif","GBIF:2436801"
"Limnothlypis swainsonii","Limnothlypis","swainsonii","Limnothlypis swainsonii","Animalia","Chordata","Aves","Passeriformes","Parulidae","gbif","GBIF:2489636"
"Lithobates areolatus","Lithobates","areolatus","Lithobates areolatus","Animalia","Chordata","Amphibia","Anura","Ranidae","gbif","GBIF:2427133"
"Lithobates blairi","Lithobates","blairi","Lithobates blairi","Animalia","Chordata","Amphibia","Anura","Ranidae","gbif","GBIF:2427062"
"Lithobates sphenocephalus","Lithobates","sphenocephalus","Lithobates sphenocephalus","Animalia","Chordata","Amphibia","Anura","Ranidae","gbif","GBIF:2427093"
"Malaclemys terrapin","Malaclemys","terrapin","Malaclemys terrapin","Animalia","Chordata","Testudines",NA,"Emydidae","gbif","GBIF:2443212"
"Marmota olympus","Marmota","olympus","Marmota olympus","Animalia","Chordata","Mammalia","Rodentia","Sciuridae","gbif","GBIF:2437374"
"Masticophis taeniatus","Masticophis","taeniatus","Masticophis taeniatus","Animalia","Chordata","Squamata",NA,"Colubridae","gbif","GBIF:8367811"
"Melanerpes formicivorus","Melanerpes","formicivorus","Melanerpes formicivorus","Animalia","Chordata","Aves","Piciformes","Picidae","gbif","GBIF:2478133"
"Myiarchus cinerascens","Myiarchus","cinerascens","Myiarchus cinerascens","Animalia","Chordata","Aves","Passeriformes","Tyrannidae","gbif","GBIF:2483600"
"Myodes californicus","Myodes","californicus","Myodes californicus","Animalia","Chordata","Mammalia","Rodentia","Cricetidae","gbif","GBIF:5706763"
"Neotoma fuscipes","Neotoma","fuscipes","Neotoma fuscipes","Animalia","Chordata","Mammalia","Rodentia","Cricetidae","gbif","GBIF:2438455"
"Nerodia erythrogaster","Nerodia","erythrogaster","Nerodia erythrogaster","Animalia","Chordata","Squamata",NA,"Colubridae","gbif","GBIF:5223362"
"Nyctanassa violacea","Nyctanassa","violacea","Nyctanassa violacea","Animalia","Chordata","Aves","Pelecaniformes","Ardeidae","gbif","GBIF:2480953"
"Nycticeius humeralis","Nycticeius","humeralis","Nycticeius humeralis","Animalia","Chordata","Mammalia","Chiroptera","Vespertilionidae","gbif","GBIF:2432314"
"Ochrotomys nuttalli","Ochrotomys","nuttalli","Ochrotomys nuttalli","Animalia","Chordata","Mammalia","Rodentia","Cricetidae","gbif","GBIF:2438565"
"Opheodrys aestivus","Opheodrys","aestivus","Opheodrys aestivus","Animalia","Chordata","Squamata",NA,"Colubridae","gbif","GBIF:8984671"
"Ophisaurus attenuatus","Ophisaurus","attenuatus","Ophisaurus attenuatus","Animalia","Chordata","Squamata",NA,"Anguidae","gbif","GBIF:5226648"
"Otospermophilus beecheyi","Otospermophilus","beecheyi","Otospermophilus beecheyi","Animalia","Chordata","Mammalia","Rodentia","Sciuridae","gbif","GBIF:8080937"
"Pantherophis guttatus","Pantherophis","guttatus","Pantherophis guttatus","Animalia","Chordata","Squamata",NA,"Colubridae","gbif","GBIF:2455615"
"Pantherophis alleghaniensis","Pantherophis","alleghaniensis","Pantherophis alleghaniensis","Animalia","Chordata","Squamata",NA,"Colubridae","gbif","GBIF:7453543"
"Pantherophis ramspotti","Pantherophis","ramspotti","Pantherophis ramspotti","Animalia","Chordata","Squamata",NA,"Colubridae","gbif","GBIF:7501483"
"Parastrellus hesperus","Parastrellus","hesperus","Parastrellus hesperus","Animalia","Chordata","Mammalia","Chiroptera","Vespertilionidae","gbif","GBIF:8397398"
"Passerina caerulea","Passerina","caerulea","Passerina caerulea","Animalia","Chordata","Aves","Passeriformes","Cardinalidae","gbif","GBIF:5230862"
"Perognathus flavescens","Perognathus","flavescens","Perognathus flavescens","Animalia","Chordata","Mammalia","Rodentia","Heteromyidae","gbif","GBIF:2439558"
"Peromyscus boylii","Peromyscus","boylii","Peromyscus boylii","Animalia","Chordata","Mammalia","Rodentia","Cricetidae","gbif","GBIF:2438038"
"Peromyscus truei","Peromyscus","truei","Peromyscus truei","Animalia","Chordata","Mammalia","Rodentia","Cricetidae","gbif","GBIF:2437985"
"Phrynosoma douglasii","Phrynosoma","douglasii","Phrynosoma douglasii","Animalia","Chordata","Squamata",NA,"Phrynosomatidae","gbif","GBIF:2451089"
"Pipilo chlorurus","Pipilo","chlorurus","Pipilo chlorurus","Animalia","Chordata","Aves","Passeriformes","Emberizidae","gbif","GBIF:2491276"
"Piranga rubra","Piranga","rubra","Piranga rubra","Animalia","Chordata","Aves","Passeriformes","Cardinalidae","gbif","GBIF:2488485"
"Plestiodon laticeps","Plestiodon","laticeps","Plestiodon laticeps","Animalia","Chordata","Squamata",NA,"Scincidae","gbif","GBIF:5789628"
"Plestiodon anthracinus","Plestiodon","anthracinus","Plestiodon anthracinus","Animalia","Chordata","Squamata",NA,"Scincidae","gbif","GBIF:4287450"
"Plethodon cylindraceus","Plethodon","cylindraceus","Plethodon cylindraceus","Animalia","Chordata","Amphibia","Caudata","Plethodontidae","gbif","GBIF:2431489"
"Plethodon dorsalis","Plethodon","dorsalis","Plethodon dorsalis","Animalia","Chordata","Amphibia","Caudata","Plethodontidae","gbif","GBIF:2431480"
"Plethodon dunni","Plethodon","dunni","Plethodon dunni","Animalia","Chordata","Amphibia","Caudata","Plethodontidae","gbif","GBIF:2431542"
"Plethodon electromorphus","Plethodon","electromorphus","Plethodon electromorphus","Animalia","Chordata","Amphibia","Caudata","Plethodontidae","gbif","GBIF:2431543"
"Plethodon glutinosus","Plethodon","glutinosus","Plethodon glutinosus","Animalia","Chordata","Amphibia","Caudata","Plethodontidae","gbif","GBIF:2431539"
"Plethodon kentucki","Plethodon","kentucki","Plethodon kentucki","Animalia","Chordata","Amphibia","Caudata","Plethodontidae","gbif","GBIF:2431518"
"Plethodon richmondi","Plethodon","richmondi","Plethodon richmondi","Animalia","Chordata","Amphibia","Caudata","Plethodontidae","gbif","GBIF:2431521"
"Poecile carolinensis","Poecile","carolinensis","Poecile carolinensis","Animalia","Chordata","Aves","Passeriformes","Paridae","gbif","GBIF:2487844"
"Pseudacris brachyphona","Pseudacris","brachyphona","Pseudacris brachyphona","Animalia","Chordata","Amphibia","Anura","Hylidae","gbif","GBIF:2428144"
"Pseudacris feriarum","Pseudacris","feriarum","Pseudacris feriarum","Animalia","Chordata","Amphibia","Anura","Hylidae","gbif","GBIF:2428152"
"Pseudacris kalmi","Pseudacris","kalmi","Pseudacris kalmi","Animalia","Chordata","Amphibia","Anura","Hylidae","gbif","GBIF:2428125"
"Pseudotriton montanus","Pseudotriton","montanus","Pseudotriton montanus","Animalia","Chordata","Amphibia","Caudata","Plethodontidae","gbif","GBIF:2431466"
"Rallus crepitans","Rallus","crepitans","Rallus crepitans","Animalia","Chordata","Aves","Gruiformes","Rallidae","gbif","GBIF:7751637"
"Rana boylii","Rana","boylii","Rana boylii","Animalia","Chordata","Amphibia","Anura","Ranidae","gbif","GBIF:2426814"
"Rana cascadae","Rana","cascadae","Rana cascadae","Animalia","Chordata","Amphibia","Anura","Ranidae","gbif","GBIF:2426771"
"Regina grahamii","Regina","grahamii","Regina grahamii","Animalia","Chordata","Squamata",NA,"Colubridae","gbif","GBIF:5222697"
"Reithrodontomys montanus","Reithrodontomys","montanus","Reithrodontomys montanus","Animalia","Chordata","Mammalia","Rodentia","Cricetidae","gbif","GBIF:2437866"
"Reithrodontomys humulis","Reithrodontomys","humulis","Reithrodontomys humulis","Animalia","Chordata","Mammalia","Rodentia","Cricetidae","gbif","GBIF:2437865"
"Sayornis nigricans","Sayornis","nigricans","Sayornis nigricans","Animalia","Chordata","Aves","Passeriformes","Tyrannidae","gbif","GBIF:2483612"
"Scaphiopus holbrookii","Scaphiopus","holbrookii","Scaphiopus holbrookii","Animalia","Chordata","Amphibia","Anura","Scaphiopodidae","gbif","GBIF:2429796"
"Sceloporus occidentalis","Sceloporus","occidentalis","Sceloporus occidentalis","Animalia","Chordata","Squamata",NA,"Phrynosomatidae","gbif","GBIF:2451234"
"Sceloporus undulatus","Sceloporus","undulatus","Sceloporus undulatus","Animalia","Chordata","Squamata",NA,"Phrynosomatidae","gbif","GBIF:2451347"
"Sceloporus graciosus","Sceloporus","graciosus","Sceloporus graciosus","Animalia","Chordata","Squamata",NA,"Phrynosomatidae","gbif","GBIF:2451223"
"Scincella lateralis","Scincella","lateralis","Scincella lateralis","Animalia","Chordata","Squamata",NA,"Scincidae","gbif","GBIF:2461434"
"Sciurus griseus","Sciurus","griseus","Sciurus griseus","Animalia","Chordata","Mammalia","Rodentia","Sciuridae","gbif","GBIF:5219672"
"Setophaga dominica","Setophaga","dominica","Setophaga dominica","Animalia","Chordata","Aves","Passeriformes","Parulidae","gbif","GBIF:7341800"
"Setophaga occidentalis","Setophaga","occidentalis","Setophaga occidentalis","Animalia","Chordata","Aves","Passeriformes","Parulidae","gbif","GBIF:6092644"
"Siren intermedia","Siren","intermedia","Siren intermedia","Animalia","Chordata","Amphibia","Caudata","Sirenidae","gbif","GBIF:2432063"
"Sorex longirostris","Sorex","longirostris","Sorex longirostris","Animalia","Chordata","Mammalia","Soricomorpha","Soricidae","gbif","GBIF:2435976"
"Sorex merriami","Sorex","merriami","Sorex merriami","Animalia","Chordata","Mammalia","Soricomorpha","Soricidae","gbif","GBIF:2435989"
"Sorex nanus","Sorex","nanus","Sorex nanus","Animalia","Chordata","Mammalia","Soricomorpha","Soricidae","gbif","GBIF:2436108"
"Sorex sonomae","Sorex","sonomae","Sorex sonomae","Animalia","Chordata","Mammalia","Soricomorpha","Soricidae","gbif","GBIF:2436110"
"Spinus psaltria","Spinus","psaltria","Spinus psaltria","Animalia","Chordata","Aves","Passeriformes","Fringillidae","gbif","GBIF:5231647"
"Sylvilagus transitionalis","Sylvilagus","transitionalis","Sylvilagus transitionalis","Animalia","Chordata","Mammalia","Lagomorpha","Leporidae","gbif","GBIF:2436905"
"Sylvilagus audubonii","Sylvilagus","audubonii","Sylvilagus audubonii","Animalia","Chordata","Mammalia","Lagomorpha","Leporidae","gbif","GBIF:2436910"
"Sylvilagus bachmani","Sylvilagus","bachmani","Sylvilagus bachmani","Animalia","Chordata","Mammalia","Lagomorpha","Leporidae","gbif","GBIF:2436846"
"Tadarida brasiliensis","Tadarida","brasiliensis","Tadarida brasiliensis","Animalia","Chordata","Mammalia","Chiroptera","Molossidae","gbif","GBIF:2433011"
"Thomomys idahoensis","Thomomys","idahoensis","Thomomys idahoensis","Animalia","Chordata","Mammalia","Rodentia","Geomyidae","gbif","GBIF:2439384"
"Thomomys mazama","Thomomys","mazama","Thomomys mazama","Animalia","Chordata","Mammalia","Rodentia","Geomyidae","gbif","GBIF:2439389"
"Tyrannus vociferans","Tyrannus","vociferans","Tyrannus vociferans","Animalia","Chordata","Aves","Passeriformes","Tyrannidae","gbif","GBIF:5229681"
"Urocitellus elegans","Urocitellus","elegans","Urocitellus elegans","Animalia","Chordata","Mammalia","Rodentia","Sciuridae","gbif","GBIF:7404826"
"Uta stansburiana","Uta","stansburiana","Uta stansburiana","Animalia","Chordata","Squamata",NA,"Phrynosomatidae","gbif","GBIF:2451029"
"Vireo bellii","Vireo","bellii","Vireo bellii","Animalia","Chordata","Aves","Passeriformes","Vireonidae","gbif","GBIF:2487441"
"Virginia valeriae","Virginia","valeriae","Virginia valeriae","Animalia","Chordata","Squamata",NA,"Colubridae","gbif","GBIF:5224262"
